;Feature_1;Feature_2;Correlation;p_value
0;Gold;CrudeOil;0.7433316776800206;***
1;Gold;S&P500;0.7920091437865939;***
2;Gold;FTSE250;0.8707732682250067;***
3;CrudeOil;Gold;0.7433316776800206;***
4;CrudeOil;S&P500;0.5271725350389935;***
5;CrudeOil;FTSE250;0.6466875092700373;***
6;S&P500;Gold;0.7920091437865939;***
7;S&P500;CrudeOil;0.5271725350389935;***
8;S&P500;FTSE250;0.931174982519933;***
9;FTSE250;Gold;0.8707732682250067;***
10;FTSE250;CrudeOil;0.6466875092700373;***
11;FTSE250;S&P500;0.931174982519933;***
